ClientId,TransactionDate,TransactionAmount
24705,2019-05-03,33348
14693,2019-06-05,34416
37448,2019-11-11,36140
37606,2019-09-10,40985
21218,2019-07-10,37688
36685,2019-12-25,26206
44377,2019-06-18,28062
8806,2019-09-20,31272
24285,2019-09-09,30617
35925,2019-05-27,17805
15470,2019-03-07,43299
26774,2019-10-16,26844
4813,2019-03-07,30847
41909,2019-10-31,31375
37448,2019-11-26,30025
17585,2019-12-19,27829
4813,2019-11-04,17508
30344,2019-07-30,36868
29547,2019-09-19,26227
32607,2019-08-16,28368
17818,2019-10-21,16332
29648,2019-03-18,12620
24285,2019-05-16,17999
7403,2019-06-28,29378
44843,2019-06-17,27121
14858,2019-03-28,18599
21223,2019-05-02,17351
32407,2019-05-01,2263
41909,2019-08-15,28595
9010,2019-10-17,46691
34666,2019-03-20,31150
24705,2019-10-03,29138
29173,2019-09-05,3532
35330,2019-04-02,11639
4813,2019-10-01,17654
23059,2019-04-09,19858
48975,2019-02-28,11554
30056,2019-04-04,24361
29648,2019-11-15,15635
3707,2019-08-08,31065
32407,2019-05-20,29049
21542,2019-09-23,39530
41907,2019-12-23,13320
35925,2019-01-21,19744
24705,2019-11-13,28119
44843,2019-02-25,23649
11880,2019-01-31,47443
48975,2019-01-04,52401
4641,2019-10-15,5521
38061,2019-10-31,24472
20173,2019-03-14,15479
48975,2019-02-14,6571
24285,2019-09-06,38469
23693,2019-05-24,36097
36685,2019-07-23,21518
27181,2019-12-03,16053
4384,2019-03-28,24527
13696,2019-11-29,41936
48975,2019-11-13,25048
29173,2019-01-21,17524
10811,2019-04-17,17330
37701,2019-12-31,21580
17585,2019-02-18,9673
15960,2019-02-06,32919
29173,2019-04-29,9780
3707,2019-05-31,23703
48607,2019-11-04,27801
47370,2019-11-22,43680
35960,2019-12-06,38171
24971,2019-01-18,40239
29173,2019-01-31,26656
7762,2019-09-04,26347
2527,2019-02-25,28494
24705,2019-06-04,19432
20173,2019-05-15,39823
40445,2019-01-11,47359
23059,2019-09-26,26519
35922,2019-10-17,30305
18338,2019-03-07,26915
37701,2019-05-03,26695
3707,2019-05-06,27240
5074,2019-11-27,35255
31102,2019-05-29,23042
17585,2019-05-06,30379
40018,2019-02-01,10916
24285,2019-03-19,10643
5921,2019-08-29,42301
42500,2019-07-18,26269
24285,2019-05-09,15193
37378,2019-07-03,30370
32607,2019-03-13,16763
18338,2019-05-28,14694
48607,2019-02-13,15942
13696,2019-11-25,20318
21223,2019-02-27,27541
34209,2019-01-28,13623
19000,2019-05-28,18785
42500,2019-02-04,24439
48607,2019-05-23,18002
35925,2019-03-01,23124
37701,2019-06-14,43892
46685,2019-03-12,13956
15470,2019-07-31,34811
30344,2019-08-20,32792
5006,2019-11-15,41104
36685,2019-07-26,19924
24285,2019-08-15,27456
15470,2019-10-04,34668
44696,2019-06-26,15479
38061,2019-03-11,34282
29173,2019-12-20,17412
3707,2019-06-17,29494
30344,2019-11-18,6469
13696,2019-09-30,17538
35960,2019-02-07,27217
14858,2019-11-15,16081
37448,2019-02-28,15161
44696,2019-11-20,31014
29648,2019-09-09,24505
44843,2019-10-16,14563
16975,2019-08-19,20218
37448,2019-05-15,18668
15470,2019-08-28,28697
29173,2019-03-15,18721
7002,2019-09-24,30107
35925,2019-12-13,22994
16975,2019-04-09,15829
40823,2019-03-04,37416
14858,2019-12-05,16525
21542,2019-04-04,10968
35960,2019-02-22,25618
37448,2019-10-29,30601
40823,2019-01-07,29645
48607,2019-08-14,19425
40445,2019-09-23,28763
32407,2019-04-25,14288
13754,2019-08-15,27692
21218,2019-08-13,22110
5074,2019-04-23,19961
18338,2019-05-22,15348
31206,2019-02-13,1013
34209,2019-05-07,23430
47370,2019-04-19,23144
2790,2019-03-05,27420
38061,2019-03-28,4329
14858,2019-07-19,22694
41907,2019-04-12,11686
36685,2019-07-15,25633
32407,2019-01-14,41651
40445,2019-08-06,32925
16975,2019-08-29,22575
11880,2019-11-27,11895
21218,2019-01-03,14118
35960,2019-07-17,20783
18338,2019-09-16,19170
15960,2019-06-10,37716
20173,2019-07-05,37534
35925,2019-07-25,8712
7002,2019-03-14,26578
35925,2019-01-18,16796
24971,2019-06-28,37173
23059,2019-11-04,28272
35330,2019-07-31,34182
25248,2019-04-30,16091
40823,2019-02-21,18667
40445,2019-02-13,20889
41907,2019-08-05,20421
13696,2019-06-25,7770
37448,2019-09-12,21014
7002,2019-08-16,10397
35330,2019-01-11,21698
13696,2019-07-11,17388
4902,2019-07-15,19606
11880,2019-10-02,2747
30344,2019-05-28,39491
25248,2019-02-01,10466
2790,2019-11-22,22216
13696,2019-10-08,34653
10811,2019-02-25,26387
46685,2019-04-24,14867
19000,2019-02-11,18136
805,2019-05-22,38080
7762,2019-07-22,27780
25248,2019-11-26,26546
19000,2019-02-05,31054
36685,2019-12-06,25916
48607,2019-08-06,33901
9200,2019-12-30,19702
21218,2019-01-31,35762
44843,2019-02-20,20413
15470,2019-09-05,10745
15596,2019-08-30,23365
17793,2019-12-03,104304
49818,2019-01-14,100040
47942,2019-10-31,86126
35836,2019-03-07,88234
32398,2019-10-21,80722
33158,2019-06-14,70176
9485,2019-02-26,67775
9485,2019-03-13,88821
9566,2019-05-07,102591
2034,2019-10-11,102700
9485,2019-01-09,85869
47942,2019-04-01,74616
5474,2019-12-05,72031
12299,2019-08-02,91107
13348,2019-03-06,71643
17793,2019-08-28,68758
47942,2019-10-24,87087
5474,2019-08-05,88568
16563,2019-06-17,91136
16563,2019-09-12,90758
26051,2019-06-17,80423
27594,2019-12-20,61837
26051,2019-12-20,77717
49818,2019-01-31,78921
13081,2019-09-24,69678
13348,2019-06-17,82323
9485,2019-04-02,86645
26051,2019-10-30,75502
49818,2019-05-17,93448
32398,2019-06-28,73150
32398,2019-01-07,79627
5315,2019-04-04,92714
35836,2019-05-07,68728
13081,2019-07-04,76943
12299,2019-08-20,96427
12299,2019-09-18,77390
13348,2019-02-15,76213
9525,2019-08-30,83924
12299,2019-10-24,71215
5474,2019-02-20,74666
9485,2019-07-05,82483
17793,2019-02-08,87094
5315,2019-10-16,87622
5474,2019-08-27,68745
26051,2019-05-28,82731
32517,2019-06-03,70891
32398,2019-12-16,71466
5315,2019-05-23,88414
18323,2019-03-26,4737
6394,2019-08-19,804
6248,2019-06-14,9526
5722,2019-07-12,16441
46332,2019-06-21,18307
27461,2019-02-14,9055
15509,2019-09-04,5173
22231,2019-03-21,9621
33425,2019-08-09,874
18563,2019-07-05,804
34378,2019-11-13,11074
4789,2019-08-20,1001
38411,2019-05-20,9003
10431,2019-08-19,9564
21389,2019-08-13,1874
18563,2019-09-26,804
26132,2019-03-20,864
14208,2019-01-09,804
21170,2019-09-19,804
7410,2019-10-23,804
49512,2019-05-03,10610
28849,2019-01-15,1594
37184,2019-09-16,804
42839,2019-08-20,804
38673,2019-10-30,8440
15113,2019-05-06,14463
21978,2019-07-02,6376
44344,2019-03-05,2330
39171,2019-10-23,804
39492,2019-01-08,15065
38411,2019-11-18,22250
19685,2019-06-28,17533
42624,2019-09-03,5657
11757,2019-02-28,804
44022,2019-01-28,15285
12054,2019-11-22,804
29150,2019-03-20,804
49642,2019-08-06,6636
45879,2019-07-18,10105
18053,2019-01-23,7746
38087,2019-02-22,804
11145,2019-04-25,9324
18841,2019-10-04,4582
24441,2019-08-30,7043
2853,2019-07-05,804
49254,2019-09-04,804
17767,2019-06-18,804
8145,2019-10-21,9434
21142,2019-12-09,804
36438,2019-09-30,2129
32091,2019-12-04,13432
28170,2019-08-21,9542
16361,2019-05-14,12155
26132,2019-11-25,24035
11713,2019-12-04,7547
7072,2019-04-23,804
46332,2019-05-23,9866
40397,2019-10-31,11451
25970,2019-11-25,7299
27461,2019-05-03,14227
15317,2019-07-10,10851
7410,2019-04-26,4639
32038,2019-12-19,804
46576,2019-11-13,804
20289,2019-01-25,16077
11967,2019-08-13,804
3625,2019-05-28,13138
40331,2019-06-21,11867
49210,2019-10-08,12997
44344,2019-11-01,12956
33160,2019-08-19,15211
30291,2019-04-24,804
40085,2019-05-22,3559
24171,2019-01-21,8951
1301,2019-05-24,7619
8145,2019-01-01,804
16153,2019-02-11,6530
8554,2019-05-30,2621
38962,2019-05-20,1959
43140,2019-04-09,3689
16087,2019-08-14,5838
26576,2019-02-20,24912
46848,2019-07-05,11931
18053,2019-07-30,804
48861,2019-02-15,11453
18636,2019-11-05,804
39492,2019-12-09,5792
1281,2019-11-21,804
42624,2019-03-28,847
44022,2019-12-06,6731
25267,2019-02-18,804
34656,2019-02-22,9737
42593,2019-06-11,11630
44059,2019-02-13,13438
9469,2019-05-23,10347
18744,2019-06-17,804
25856,2019-04-12,7145
18433,2019-08-30,5901
34436,2019-03-11,804
49254,2019-03-29,2881
14188,2019-01-28,804
47967,2019-04-24,804
26012,2019-07-22,5242
18053,2019-12-03,7085
11539,2019-05-02,14852
31683,2019-01-21,4117
29096,2019-08-19,1053
40397,2019-02-15,1050
36507,2019-06-28,13093
46813,2019-07-08,10877
42240,2019-05-14,10469
48041,2019-09-13,4392
10705,2019-08-07,6931
1281,2019-09-06,17709
46813,2019-09-16,804
13807,2019-12-10,974
31418,2019-04-11,5638
38069,2019-10-07,12072
22561,2019-06-24,2283
31251,2019-02-19,14246
24288,2019-03-12,1611
21142,2019-05-08,2978
24441,2019-07-17,10087
13488,2019-08-07,17795
3625,2019-11-27,8200
29199,2019-03-21,8862
22561,2019-05-20,5999
14997,2019-12-03,9164
36438,2019-08-23,804
46813,2019-01-24,804
7072,2019-09-11,13648
9711,2019-05-02,10688
1429,2019-09-30,12435
36114,2019-03-20,804
24504,2019-11-20,13181
9547,2019-10-10,4789
20673,2019-12-02,804
22404,2019-11-04,804
28470,2019-07-16,19319
35483,2019-06-11,19573
45786,2019-06-20,14458
12281,2019-11-21,804
19163,2019-06-24,11242
21242,2019-08-01,9142
3432,2019-06-10,5888
49785,2019-05-02,4850
24441,2019-04-30,3907
28403,2019-09-19,11205
23861,2019-01-24,21243
27461,2019-08-12,804
2593,2019-02-12,10813
9640,2019-05-09,804
21242,2019-10-25,9289
11539,2019-05-28,1732
46307,2019-07-25,4866
1281,2019-07-09,9894
4661,2019-05-06,804
38181,2019-12-17,1289
9453,2019-11-25,28176
3308,2019-06-04,804
29627,2019-11-04,804
44022,2019-11-19,804
11662,2019-08-14,9844
30033,2019-11-06,24923
45759,2019-07-11,804
6394,2019-03-20,16673
31182,2019-09-10,9732
48989,2019-04-26,804
23019,2019-09-18,9094
26576,2019-11-12,7475
49642,2019-05-10,3909
44727,2019-05-28,804
42890,2019-10-17,5077
36095,2019-03-18,5064
5844,2019-07-18,5837
18563,2019-01-07,2386
1729,2019-09-05,7372
12874,2019-10-31,8733
13807,2019-04-11,12769
11713,2019-03-13,10211
33830,2019-02-14,5394
12874,2019-12-18,10851
13051,2019-01-21,2173
9257,2019-06-03,17594
26858,2019-05-14,8526
10705,2019-02-26,804
36095,2019-01-21,804
8696,2019-08-09,804
36507,2019-01-10,981
36820,2019-01-15,7636
25267,2019-05-01,12138
18785,2019-12-06,6859
23784,2019-04-16,804
46595,2019-10-15,17621
17336,2019-07-26,10314
12678,2019-12-18,9481
18053,2019-01-31,804
22610,2019-04-16,13413
16308,2019-05-10,4479
15113,2019-11-27,6922
20362,2019-01-24,804
23103,2019-02-13,2010
33962,2019-10-16,13008
23784,2019-08-29,9141
36701,2019-10-10,8460
13314,2019-04-12,6557
38237,2019-03-25,3827
31539,2019-08-06,5591
39171,2019-05-23,1015
4518,2019-05-23,9693
33830,2019-07-16,804
22561,2019-12-30,5902
28470,2019-03-26,804
7781,2019-10-08,1061
40914,2019-08-09,7821
44059,2019-07-24,9339
35567,2019-10-18,7145
12750,2019-05-24,804
9711,2019-03-07,5404
23357,2019-02-20,804
49504,2019-01-25,804
11713,2019-04-01,8183
11757,2019-11-13,5911
32617,2019-03-28,8465
26576,2019-12-31,1551
20165,2019-10-04,11263
2231,2019-01-09,804
7682,2019-06-05,2197
40798,2019-02-01,8848
33904,2019-10-08,16400
16154,2019-02-19,10671
18207,2019-11-28,804
36804,2019-02-14,804
39492,2019-08-08,15694
4789,2019-03-20,6173
36362,2019-03-01,804
39666,2019-04-17,804
31968,2019-07-09,10705
164,2019-02-27,804
44122,2019-05-21,13448
43152,2019-11-05,7568
20780,2019-05-13,8984
9711,2019-07-03,804
11967,2019-01-03,804
10705,2019-04-17,6722
39492,2019-10-18,15147
21242,2019-03-27,20682
2887,2019-03-22,11408
42560,2019-10-23,14082
35382,2019-08-21,5656
6098,2019-05-02,3965
46595,2019-03-08,1534
23861,2019-04-01,7837
17767,2019-09-03,1369
18563,2019-09-11,804
24288,2019-02-05,12132
2046,2019-08-22,804
9486,2019-08-08,12531
36438,2019-07-22,5258
34451,2019-01-15,11604
13612,2019-07-31,20721
3858,2019-12-19,804
40452,2019-06-13,804
22231,2019-08-08,22810
18841,2019-08-21,804
19163,2019-03-28,942
18563,2019-11-25,7731
38064,2019-04-24,17258
20526,2019-03-08,7108
31968,2019-11-28,804
44344,2019-04-09,804
48041,2019-12-27,5346
42624,2019-01-30,16450
8739,2019-09-09,2928
43140,2019-11-29,16376
36804,2019-02-22,9485
15509,2019-09-26,11492
15913,2019-05-23,8970
31243,2019-12-05,804
29378,2019-09-23,2488
22231,2019-08-19,804
9640,2019-10-09,2964
7781,2019-10-11,13392
35272,2019-12-26,804
38087,2019-01-30,804
37022,2019-02-13,3939
8774,2019-12-18,2251
3625,2019-09-30,4357
15638,2019-04-03,804
6394,2019-12-25,9397
26476,2019-04-05,5796
24467,2019-07-17,10398
18207,2019-06-12,804
44727,2019-08-02,6146
9474,2019-08-23,804
25399,2019-11-22,804
46307,2019-10-28,804
48636,2019-03-12,804
16153,2019-05-27,7223
12281,2019-06-17,18713
2152,2019-11-21,9327
3950,2019-12-11,8946
7385,2019-12-13,7302
4789,2019-11-04,804
2614,2019-11-26,804
21242,2019-09-06,14015
3473,2019-09-09,4913
24288,2019-01-16,804
20526,2019-06-26,804
20289,2019-02-15,804
9474,2019-08-29,804
8696,2019-06-03,2769
27260,2019-11-07,1859
26012,2019-01-23,4771
36818,2019-09-16,804
38087,2019-05-15,804
11757,2019-07-17,7136
37184,2019-01-25,8341
40757,2019-10-14,8111
18636,2019-11-25,804
567,2019-04-10,3571
5731,2019-08-05,7363
14208,2019-11-25,804
45100,2019-01-09,804
33857,2019-04-11,11416
12956,2019-11-05,14730
9486,2019-06-14,8875
1490,2019-03-21,6696
25267,2019-04-22,15822
36362,2019-04-05,6786
18053,2019-05-29,804
33747,2019-12-24,19438
18493,2019-10-31,14843
38064,2019-01-01,12084
11757,2019-06-19,12621
32617,2019-01-17,804
23861,2019-09-25,9093
44059,2019-01-22,4840
28403,2019-09-12,804
37022,2019-08-27,9001
26153,2019-01-29,9647
1490,2019-09-17,11922
2152,2019-05-30,23184
27592,2019-07-25,804
40757,2019-04-24,804
29096,2019-01-30,11317
37525,2019-07-12,2063
12750,2019-03-21,14138
7916,2019-11-21,20297
43879,2019-03-06,3153
47967,2019-01-18,804
15772,2019-09-12,6614
4889,2019-03-19,1705
33747,2019-02-25,10940
36536,2019-12-27,5062
26868,2019-07-10,7384
26012,2019-10-02,3960
13488,2019-09-16,804
45100,2019-06-11,1683
15638,2019-03-29,804
49785,2019-06-10,1822
47507,2019-01-02,19745
25294,2019-10-28,804
3716,2019-12-19,11325
11757,2019-06-03,5222
31728,2019-03-05,804
27682,2019-04-24,16918
48861,2019-09-25,17873
38163,2019-05-06,804
18417,2019-04-02,4467
7911,2019-08-22,11930
38087,2019-11-01,3772
24660,2019-08-13,11289
38181,2019-10-15,804
20875,2019-02-25,804
32298,2019-09-02,18601
43140,2019-06-03,21452
5731,2019-03-15,7925
13944,2019-07-16,804
11757,2019-04-19,804
33901,2019-04-11,4550
4159,2019-03-29,804
23861,2019-07-02,6998
4889,2019-08-26,804
31418,2019-12-23,12108
22610,2019-02-26,804
17767,2019-09-13,7841
39492,2019-09-05,804
12054,2019-10-17,3544
24012,2019-12-31,1857
4259,2019-02-20,804
2922,2019-06-26,28146
1947,2019-02-07,8208
25294,2019-07-12,8487
39158,2019-02-11,6705
3858,2019-08-22,804
22231,2019-09-10,3932
48858,2019-05-14,804
7916,2019-12-19,804
42560,2019-02-05,804
40798,2019-04-24,7337
18323,2019-11-12,2912
11539,2019-03-21,3384
9547,2019-03-20,4795
38237,2019-02-06,3360
13314,2019-10-10,804
1490,2019-09-02,1755
4743,2019-07-29,6934
2990,2019-01-09,9746
9257,2019-05-17,804
28470,2019-02-13,804
7075,2019-02-04,5270
24467,2019-04-25,5402
21765,2019-01-23,17295
23357,2019-11-15,19507
41795,2019-10-22,17606
33747,2019-05-30,1047
10705,2019-06-26,10322
49209,2019-02-11,14309
36095,2019-05-29,804
18785,2019-07-15,804
25294,2019-12-19,804
12062,2019-05-30,16557
6227,2019-01-23,8028
31243,2019-03-08,13878
14017,2019-03-11,15017
40323,2019-06-26,4889
6098,2019-05-15,804
46203,2019-02-19,9367
19685,2019-12-24,16715
45786,2019-02-13,11589
44022,2019-12-30,6574
49254,2019-01-18,12264
15913,2019-03-11,804
26215,2019-10-18,804
8696,2019-11-05,804
38064,2019-01-04,1036
12678,2019-07-15,10867
28170,2019-10-21,7800
42560,2019-04-16,804
15790,2019-09-20,6479
49209,2019-02-27,804
46307,2019-10-04,852
3625,2019-10-16,13980
24012,2019-01-10,804
25294,2019-09-03,9077
7682,2019-01-14,11618
13051,2019-02-01,14559
46524,2019-05-06,804
6227,2019-03-01,804
31692,2019-07-30,12607
22231,2019-05-13,804
36507,2019-10-17,6113
47967,2019-11-04,13412
49210,2019-11-06,16628
25970,2019-08-15,1573
2046,2019-11-26,804
16087,2019-05-14,3013
39985,2019-01-31,804
16361,2019-03-28,7535
16747,2019-03-27,7468
31299,2019-12-24,804
25212,2019-09-09,5172
16361,2019-06-27,12007
36820,2019-04-19,804
16706,2019-09-13,1293
8031,2019-07-10,804
34065,2019-01-14,16532
27029,2019-10-17,15292
8739,2019-09-06,21637
35382,2019-04-11,6717
36820,2019-10-18,13610
22954,2019-03-25,2264
12292,2019-02-18,16174
41795,2019-11-15,9457
13612,2019-03-07,7766
5722,2019-07-01,8124
16706,2019-05-08,26058
31683,2019-02-26,14221
7385,2019-04-12,17385
18417,2019-03-08,804
2046,2019-11-20,14544
24288,2019-06-18,13782
17767,2019-06-18,19228
13230,2019-07-12,11979
34378,2019-11-22,3225
25294,2019-07-29,6825
42890,2019-03-08,12936
13051,2019-08-01,17559
35272,2019-01-28,11954
33830,2019-05-06,6463
18417,2019-05-30,15420
3625,2019-09-20,9648
18207,2019-10-23,18690
37184,2019-11-19,804
49209,2019-06-14,3581
48041,2019-11-07,12074
8739,2019-06-06,5340
6845,2019-05-10,804
19685,2019-01-31,3195
32364,2019-12-13,804
28470,2019-05-13,4680
38069,2019-01-23,1481
46332,2019-04-22,10798
40085,2019-12-20,10793
7781,2019-12-30,11925
18289,2019-04-02,14008
39171,2019-08-08,10605
25856,2019-01-21,10088
20780,2019-02-19,9764
32232,2019-03-27,804
6845,2019-02-25,804
13944,2019-01-15,804
22433,2019-05-27,14614
9469,2019-05-20,1382
40758,2019-11-06,2677
42560,2019-10-22,8450
29627,2019-07-30,1183
20780,2019-09-05,6928
13944,2019-09-12,23693
25212,2019-07-22,1700
40798,2019-11-26,804
18563,2019-08-28,1078
30033,2019-09-04,8783
9257,2019-09-12,8156
26476,2019-12-06,804
43152,2019-09-13,804
44122,2019-04-23,804
38087,2019-01-21,14748
7916,2019-12-20,6395
49254,2019-11-04,13635
18053,2019-05-07,2721
22730,2019-07-25,20349
21389,2019-10-21,804
21142,2019-02-06,12475
11145,2019-11-13,7756
18323,2019-08-02,2303
42839,2019-04-01,22164
25431,2019-09-26,2857
11145,2019-11-27,4787
6227,2019-02-27,804
14017,2019-01-18,3591
11539,2019-10-09,804
16620,2019-09-04,16057
1301,2019-05-10,7758
26899,2019-05-02,7724
8246,2019-05-07,7589
49512,2019-11-01,804
21733,2019-10-15,2398
27260,2019-06-21,3989
27461,2019-12-11,12929
15913,2019-09-11,12020
33747,2019-01-16,11825
27682,2019-04-11,6570
38181,2019-05-22,8366
15706,2019-11-29,6234
11967,2019-02-08,4909
24293,2019-04-22,11415
12587,2019-01-01,804
45100,2019-06-04,4568
38237,2019-10-28,9859
34065,2019-10-01,804
31299,2019-05-02,3240
26576,2019-05-28,804
45879,2019-09-24,804
1429,2019-02-18,7842
13230,2019-11-08,20589
19237,2019-06-13,13864
43140,2019-12-19,11012
15638,2019-12-20,14600
16620,2019-09-02,15512
46203,2019-09-09,804
415,2019-08-08,9495
13612,2019-08-30,9612
40397,2019-04-09,2483
38754,2019-08-22,804
12678,2019-08-19,13695
39028,2019-11-08,804
5844,2019-05-02,804
11145,2019-08-23,6916
21142,2019-10-04,1325
18417,2019-10-30,8964
16361,2019-07-15,11210
3625,2019-01-23,2436
25970,2019-06-25,11079
415,2019-09-30,804
8246,2019-10-17,4116
36438,2019-07-08,10853
16154,2019-12-13,14270
2003,2019-12-30,1187
29150,2019-12-24,20628
49785,2019-04-10,13523
40761,2019-10-03,10776
8739,2019-01-10,6171
7385,2019-12-23,2012
32147,2019-04-15,4440
40757,2019-08-13,804
38069,2019-03-08,804
308,2019-08-20,1569
24504,2019-11-12,12313
3858,2019-07-02,9219
38069,2019-02-11,6042
49504,2019-08-07,804
18053,2019-10-10,10609
26858,2019-06-05,11088
15706,2019-09-27,15866
27260,2019-07-19,9522
40323,2019-02-20,4536
99,2019-11-21,7103
24288,2019-01-25,18210
3858,2019-05-28,3447
15509,2019-08-26,4822
26012,2019-09-26,15836
3625,2019-02-05,3495
2922,2019-08-14,15789
2309,2019-05-03,19081
32617,2019-03-20,3959
23784,2019-12-24,804
10705,2019-02-28,27244
2262,2019-10-03,14978
48636,2019-08-20,19450
27260,2019-06-12,10080
46813,2019-08-02,804
36701,2019-11-13,9941
49504,2019-08-15,12269
26012,2019-03-18,8849
22610,2019-12-17,804
31539,2019-04-18,804
46524,2019-11-15,11385
1947,2019-05-31,10192
27682,2019-09-03,17596
34656,2019-10-24,12410
15706,2019-01-02,7181
35382,2019-07-22,8539
39666,2019-06-18,4968
1947,2019-06-25,5173
9486,2019-02-06,804
35382,2019-01-24,3164
26868,2019-01-24,5264
39028,2019-02-14,804
40761,2019-10-18,7810
11713,2019-09-16,804
45879,2019-09-23,3244
25267,2019-09-27,9293
45879,2019-07-04,7721
18688,2019-08-15,804
13230,2019-02-25,3547
35483,2019-08-12,19093
5722,2019-05-02,804
21978,2019-03-20,5648
32232,2019-07-12,6701
44059,2019-10-01,804
12062,2019-12-13,804
24564,2019-07-23,3809
16706,2019-09-18,7132
42839,2019-01-25,804
45759,2019-09-10,2212
2990,2019-11-22,804
38064,2019-09-13,804
49754,2019-07-05,7521
8774,2019-07-19,804
9257,2019-10-07,804
164,2019-10-29,2776
31683,2019-12-24,16679
34065,2019-02-11,14691
37022,2019-12-26,25639
2922,2019-12-09,2005
27592,2019-12-19,7216
33830,2019-05-03,804
13944,2019-03-12,804
40798,2019-06-27,13352
23861,2019-11-25,22820
21170,2019-03-22,11646
16153,2019-01-09,21444
43879,2019-09-27,11626
10431,2019-12-31,14234
6845,2019-02-20,3307
37731,2019-06-17,2295
34451,2019-03-08,804
6845,2019-05-08,7568
18688,2019-03-25,804
12988,2019-09-26,2826
9257,2019-05-08,804
42079,2019-03-26,9095
14208,2019-04-10,9942
38087,2019-10-29,7589
31418,2019-02-20,17810
36701,2019-10-17,6816
44022,2019-05-15,10615
24441,2019-12-03,3781
39492,2019-08-02,11239
33904,2019-01-03,22865
10727,2019-02-05,4900
49254,2019-11-06,804
2309,2019-12-27,7638
7072,2019-04-18,6766
4259,2019-05-06,18533
36701,2019-06-14,4432
26899,2019-11-08,13466
7410,2019-02-12,11761
1429,2019-04-29,804
3520,2019-03-13,804
14208,2019-11-20,14062
1947,2019-04-29,16634
31539,2019-08-26,9294
16087,2019-05-28,17442
12062,2019-11-11,804
27682,2019-02-21,14726
9972,2019-10-04,9203
32617,2019-08-09,804
18083,2019-11-27,1113
29627,2019-10-30,3105
27592,2019-08-26,804
1729,2019-04-18,804
2614,2019-12-17,10641
37022,2019-08-21,10539
15509,2019-07-15,12111
3520,2019-05-23,8138
8145,2019-07-01,8729
35567,2019-05-06,13022
19685,2019-06-11,4320
3625,2019-12-04,10699
4575,2019-03-25,804
40085,2019-09-17,3794
38073,2019-03-25,804
24323,2019-10-10,804
23357,2019-09-10,12541
1727,2019-07-16,804
46813,2019-11-29,12934
29096,2019-12-05,804
18207,2019-08-02,804
38962,2019-04-30,5073
22404,2019-05-31,19154
15772,2019-01-31,804
18688,2019-11-27,17810
38754,2019-01-22,804
18417,2019-05-22,3277
36818,2019-08-06,8016
36536,2019-04-16,4969
27029,2019-12-10,12822
32232,2019-10-11,804
31692,2019-03-20,7316
31299,2019-03-11,6542
1947,2019-06-17,2484
44727,2019-06-05,7751
26576,2019-10-09,804
13944,2019-12-24,11544
4181,2019-03-13,11106
31251,2019-07-19,17257
14017,2019-11-14,804
9547,2019-07-15,14780
44022,2019-08-27,19803
33747,2019-05-03,804
25212,2019-03-15,10179
26868,2019-02-20,5092
12750,2019-09-13,3961
34065,2019-08-14,10674
31243,2019-12-25,11566
37525,2019-02-22,804
37002,2019-12-23,8188
43836,2019-06-17,12103
16087,2019-06-28,6908
24293,2019-06-12,5112
4398,2019-10-24,15008
2309,2019-12-11,8884
17823,2019-05-29,4167
30033,2019-07-26,2295
29378,2019-03-04,5278
18083,2019-05-27,804
35272,2019-12-02,13822
2309,2019-01-07,8386
23357,2019-09-11,5046
46332,2019-01-14,5900
20165,2019-11-26,804
24288,2019-10-03,9550
18636,2019-09-13,10394
1103,2019-10-18,9970
11757,2019-11-29,8433
29627,2019-07-29,2942
40798,2019-02-18,1795
415,2019-01-22,804
42593,2019-07-10,804
17767,2019-09-03,1378
39028,2019-07-17,14477
44059,2019-09-13,9493
31418,2019-04-03,5603
22610,2019-07-18,15136
31683,2019-07-22,804
2309,2019-01-03,13238
2990,2019-09-05,804
21733,2019-01-15,13823
7179,2019-11-07,804
26444,2019-02-04,804
37525,2019-11-08,5523
39492,2019-09-04,10086
26153,2019-09-10,804
25706,2019-02-27,804
12587,2019-12-30,804
27260,2019-02-20,11667
25706,2019-06-13,4748
26153,2019-01-18,804
2262,2019-01-22,804
22610,2019-07-10,13872
36804,2019-12-13,12931
8696,2019-12-25,4969
33425,2019-06-21,804
25856,2019-12-31,804
26899,2019-02-13,11523
39666,2019-12-20,8686
31968,2019-09-02,3453
30033,2019-11-12,9089
21142,2019-11-28,20861
44059,2019-11-18,1377
48858,2019-12-10,19737
49565,2019-07-10,9887
16308,2019-02-18,14173
2075,2019-10-24,11012
16308,2019-12-05,14225
4575,2019-04-04,804
48858,2019-07-24,14231
31728,2019-09-02,9767
46332,2019-03-27,804
44844,2019-12-11,804
38073,2019-01-03,2374
18083,2019-02-05,1115
7682,2019-06-14,2838
29150,2019-10-18,4086
1727,2019-02-25,804
31723,2019-08-26,804
15736,2019-07-02,2786
20526,2019-09-04,18846
36536,2019-09-30,17710
34451,2019-05-16,6254
16620,2019-08-02,804
48858,2019-11-22,12403
40761,2019-09-16,1225
1301,2019-07-17,4864
18207,2019-12-27,4878
2614,2019-07-31,804
5844,2019-08-01,17341
21765,2019-11-18,20720
9547,2019-01-02,13392
49565,2019-04-22,6170
5948,2019-04-30,804
10727,2019-09-19,23717
43402,2019-11-19,444
21412,2019-10-28,444
6891,2019-10-17,444
29157,2019-10-28,553
4685,2019-04-30,444
13742,2019-03-05,4529
48337,2019-03-14,881
22366,2019-07-30,8213
24981,2019-09-16,444
13362,2019-08-28,444
47506,2019-07-17,5900
34665,2019-02-15,3510
25746,2019-09-26,7190
26465,2019-09-25,444
14749,2019-02-21,444
24981,2019-04-22,1770
45437,2019-04-17,444
25052,2019-05-28,12654
13977,2019-10-21,444
24063,2019-03-21,3098
15030,2019-01-11,444
25666,2019-12-23,444
44863,2019-07-05,3901
44429,2019-01-02,444
41086,2019-11-05,444
30094,2019-08-15,444
26722,2019-05-06,3154
32635,2019-07-08,8049
26937,2019-12-27,1739
47812,2019-02-21,4683
40004,2019-07-09,8575
19502,2019-08-06,2468
19436,2019-08-05,1080
31384,2019-04-01,455
4563,2019-04-02,444
7351,2019-03-05,4496
46395,2019-11-25,444
49592,2019-08-13,1458
40439,2019-03-26,4791
20079,2019-10-29,3152
48285,2019-02-20,8737
42278,2019-10-09,471
28423,2019-06-18,1269
26722,2019-01-31,4767
25530,2019-05-07,444
21399,2019-10-31,444
42541,2019-11-18,444
41247,2019-05-22,444
43244,2019-11-29,444
19373,2019-01-09,750
49836,2019-05-30,444
27903,2019-11-01,444
42075,2019-03-05,444
40185,2019-01-11,444
27141,2019-12-25,444
49592,2019-04-02,444
44822,2019-01-30,509
23509,2019-04-23,7114
2379,2019-07-11,444
11301,2019-09-18,1285
8144,2019-03-13,1290
40348,2019-05-17,444
35560,2019-11-29,444
21421,2019-07-03,620
13636,2019-12-20,444
7155,2019-12-30,1613
39515,2019-11-28,444
19105,2019-04-24,2027
19784,2019-10-25,8408
42278,2019-06-07,9564
47318,2019-05-24,10669
44433,2019-01-09,444
9172,2019-01-30,5447
19565,2019-11-04,937
9323,2019-07-30,444
44822,2019-01-31,3272
23694,2019-05-21,8327
17749,2019-07-11,444
36410,2019-05-10,3275
25746,2019-03-26,444
28307,2019-02-12,8743
7456,2019-11-07,7582
44822,2019-12-13,5893
30930,2019-08-16,5214
12635,2019-10-22,6131
34161,2019-09-09,8824
49250,2019-06-06,7373
31384,2019-11-12,444
49520,2019-05-24,2615
34164,2019-03-21,9195
42541,2019-11-06,2874
25052,2019-07-12,2653
49836,2019-09-27,444
34715,2019-06-18,444
19373,2019-08-27,8626
35509,2019-05-20,444
31825,2019-07-26,9320
32481,2019-05-21,444
19875,2019-01-11,571
35007,2019-10-25,3709
4091,2019-08-22,2805
23307,2019-11-04,6065
10314,2019-07-17,444
13977,2019-02-18,1111
42541,2019-01-17,7353
32381,2019-09-24,8233
11269,2019-02-25,6277
37860,2019-04-04,1078
30923,2019-08-28,6590
29524,2019-08-05,3277
42071,2019-06-10,9477
11651,2019-10-18,9984
14195,2019-04-22,444
21412,2019-09-18,1324
37999,2019-01-28,444
12484,2019-12-30,1016
33346,2019-07-01,9261
12482,2019-11-22,2421
11776,2019-05-14,1869
17403,2019-02-12,1437
39383,2019-05-27,444
31258,2019-05-29,4482
41282,2019-11-07,6025
34717,2019-12-11,4186
6654,2019-09-17,2295
40686,2019-04-24,6668
8372,2019-07-15,10672
22042,2019-04-22,5144
26967,2019-09-10,444
47631,2019-06-05,444
34717,2019-12-18,9698
23391,2019-09-24,3502
40935,2019-02-19,444
26495,2019-12-30,444
13432,2019-10-11,4351
35756,2019-03-26,444
46349,2019-12-18,1023
26045,2019-02-05,4823
30131,2019-08-13,6921
34320,2019-11-26,5200
25050,2019-12-30,1454
35959,2019-04-16,3450
22366,2019-04-09,444
46708,2019-07-09,444
34320,2019-09-24,444
7674,2019-04-26,2719
34151,2019-04-08,444
7155,2019-07-26,444
45726,2019-04-18,444
32481,2019-10-07,444
13095,2019-01-18,3554
38502,2019-09-26,10610
18170,2019-06-13,600
49520,2019-05-13,4338
35756,2019-11-05,10515
40686,2019-07-24,444
25746,2019-10-30,2249
44264,2019-03-04,444
33129,2019-05-02,1980
3297,2019-11-18,2440
32481,2019-07-30,7475
40686,2019-09-09,444
31592,2019-05-31,444
10133,2019-08-26,444
11301,2019-10-23,444
19022,2019-11-05,444
18561,2019-07-10,7122
34210,2019-04-15,5967
46349,2019-10-28,5898
15144,2019-07-26,444
12922,2019-12-04,4731
46187,2019-12-06,8163
20573,2019-10-01,7401
27141,2019-12-11,444
45030,2019-07-19,444
27141,2019-10-07,5411
45957,2019-09-03,5723
29893,2019-01-28,444
40185,2019-10-04,444
25746,2019-12-09,6354
20396,2019-10-09,444
44572,2019-05-30,3043
45957,2019-08-21,444
26524,2019-11-25,1156
14007,2019-01-23,458
38448,2019-11-08,444
26583,2019-01-25,444
14642,2019-07-25,444
16547,2019-01-17,6352
31823,2019-04-22,444
19545,2019-01-24,444
48981,2019-03-07,10504
9430,2019-05-28,4308
20713,2019-07-03,444
27141,2019-04-11,629
43999,2019-10-22,444
17003,2019-04-02,3410
40686,2019-08-01,444
47631,2019-03-11,444
30252,2019-11-06,6330
44863,2019-01-22,1840
21551,2019-09-27,444
40289,2019-01-01,794
20079,2019-06-18,444
2789,2019-04-29,444
17185,2019-09-06,444
15030,2019-06-19,444
19545,2019-07-17,7380
16533,2019-03-06,444
26583,2019-02-11,444
41913,2019-05-27,444
1157,2019-03-06,3687
14239,2019-07-31,444
41589,2019-09-10,3257
25338,2019-07-17,444
19565,2019-04-12,7665
19774,2019-04-18,444
20244,2019-08-13,10415
4202,2019-05-02,1680
35959,2019-10-09,8242
13031,2019-12-02,7654
1392,2019-01-29,4835
36099,2019-08-30,2445
3674,2019-08-30,3981
19983,2019-05-30,2626
32481,2019-02-18,8669
10019,2019-09-11,444
42075,2019-02-05,3574
48252,2019-01-02,444
29893,2019-11-05,2816
3718,2019-03-01,1600
40149,2019-03-28,444
2195,2019-06-28,2494
23509,2019-10-28,444
26796,2019-02-01,444
34320,2019-09-25,3271
31384,2019-08-07,444
40415,2019-11-06,3202
10793,2019-12-26,7961
22042,2019-04-10,444
4202,2019-06-26,444
14473,2019-07-19,2274
23881,2019-10-10,444
40370,2019-07-23,3269
48487,2019-01-10,5755
47997,2019-04-24,444
20598,2019-11-29,444
49587,2019-05-09,4425
11287,2019-05-24,6639
18247,2019-12-26,1276
10735,2019-11-04,444
29835,2019-04-08,495
26937,2019-06-19,444
37481,2019-11-28,444
6851,2019-01-18,444
40140,2019-03-05,444
8607,2019-01-25,444
23307,2019-08-08,2067
16581,2019-04-29,1255
25978,2019-06-04,8170
9172,2019-09-18,4802
19105,2019-10-31,2025
19545,2019-02-04,444
14007,2019-07-11,1209
43402,2019-12-05,7678
43161,2019-10-18,444
32381,2019-01-01,7445
11756,2019-04-24,3952
46187,2019-10-16,444
34599,2019-01-02,444
25530,2019-06-21,6948
7453,2019-05-21,12903
26937,2019-11-11,5080
38842,2019-11-26,2500
1245,2019-08-01,6360
19360,2019-03-26,444
36410,2019-07-23,2937
24747,2019-12-02,1241
10991,2019-08-15,444
43608,2019-10-16,5966
48180,2019-04-09,452
26583,2019-09-23,1605
39548,2019-09-03,2200
3674,2019-02-13,3516
19105,2019-01-08,444
24089,2019-11-13,444
17821,2019-12-04,444
33631,2019-07-17,444
40004,2019-07-15,1887
42435,2019-02-21,4643
19983,2019-07-23,444
27141,2019-05-09,444
27676,2019-01-10,444
48252,2019-07-10,444
14457,2019-12-27,2175
19502,2019-09-18,1208
35257,2019-07-15,7989
48744,2019-01-17,2170
49379,2019-06-17,444
49836,2019-01-24,444
29882,2019-03-12,444
22042,2019-01-25,3466
43622,2019-02-04,2005
11453,2019-12-26,444
45437,2019-08-28,444
13428,2019-04-02,698
11756,2019-05-09,444
7193,2019-10-23,444
22650,2019-07-30,2302
41360,2019-07-24,444
3718,2019-10-28,5002
1188,2019-01-21,444
19983,2019-11-22,5878
9430,2019-11-29,444
7351,2019-05-24,563
45114,2019-08-14,444
14766,2019-05-29,444
24089,2019-08-08,444
12482,2019-09-12,444
48981,2019-01-23,2433
2915,2019-08-16,5868
39383,2019-11-08,444
27774,2019-08-02,444
8794,2019-04-04,4123
9805,2019-05-23,1460
13590,2019-09-09,4431
11301,2019-07-29,444
21721,2019-02-28,3037
26600,2019-06-18,3934
1969,2019-09-09,3691
31599,2019-02-15,13118
4249,2019-05-31,444
12635,2019-12-19,444
6520,2019-02-13,811
44433,2019-02-06,444
46074,2019-07-22,444
31558,2019-06-17,444
8794,2019-01-30,4816
30923,2019-09-30,444
3286,2019-10-24,444
30930,2019-04-25,6315
43244,2019-10-17,1877
49857,2019-12-03,444
19875,2019-09-05,2677
46624,2019-12-31,3228
42809,2019-07-16,4583
13095,2019-04-17,444
36262,2019-07-31,6540
19373,2019-09-24,444
46349,2019-02-14,444
23881,2019-10-11,444
22650,2019-05-16,5887
30338,2019-03-28,444
46187,2019-11-14,4876
21421,2019-03-19,3953
48285,2019-01-25,6118
23952,2019-02-05,2543
44822,2019-03-28,6576
1188,2019-04-30,444
2054,2019-07-10,5280
40289,2019-12-20,5792
19565,2019-12-16,6759
32381,2019-10-28,3703
8154,2019-06-12,444
19565,2019-05-20,6884
25052,2019-07-11,1425
13095,2019-11-12,2003
27205,2019-07-15,444
40935,2019-06-10,3022
30338,2019-11-27,444
39010,2019-07-19,4662
12922,2019-09-06,2513
1188,2019-12-16,444
45178,2019-05-01,2500
38842,2019-10-04,1641
4760,2019-02-14,444
34441,2019-08-14,7874
10801,2019-10-01,444
48744,2019-08-29,444
31576,2019-02-20,7483
28307,2019-10-17,6149
39877,2019-10-23,3244
34681,2019-01-07,444
48337,2019-12-05,3244
27903,2019-03-29,3883
23848,2019-09-18,444
36410,2019-05-15,571
45178,2019-06-18,566
44866,2019-01-11,5914
19093,2019-06-20,4102
27322,2019-02-15,444
13536,2019-10-14,3189
43851,2019-06-21,4810
42278,2019-09-20,444
12400,2019-01-16,885
16442,2019-04-03,3518
24063,2019-10-17,444
37531,2019-03-12,444
4249,2019-03-07,2628
20249,2019-10-21,8796
41621,2019-08-16,1643
42071,2019-12-25,7691
45147,2019-01-08,11926
24054,2019-11-19,444
30131,2019-11-19,444
10019,2019-09-27,2950
13218,2019-01-24,1823
14239,2019-08-23,1357
12562,2019-09-23,444
14195,2019-02-27,444
6686,2019-05-09,6297
33631,2019-02-12,444
34717,2019-01-10,7488
26050,2019-11-19,444
10498,2019-11-01,444
7909,2019-06-17,3539
22650,2019-11-06,444
40686,2019-10-09,3237
49035,2019-08-16,444
4672,2019-04-17,5075
45957,2019-07-05,444
2705,2019-10-28,444
10072,2019-11-19,1791
37024,2019-10-22,444
20671,2019-04-12,444
48285,2019-03-06,444
7155,2019-01-21,444
1018,2019-05-20,555
34320,2019-01-24,1191
16326,2019-12-27,4429
19360,2019-10-22,3876
21721,2019-06-14,444
31370,2019-01-04,444
36410,2019-09-10,444
5968,2019-12-24,444
40935,2019-03-28,444
7109,2019-03-19,9175
9805,2019-08-08,444
38502,2019-05-31,2169
26583,2019-05-02,444
13590,2019-01-08,444
13362,2019-01-15,6753
4249,2019-09-02,444
40439,2019-03-06,2892
3297,2019-04-04,444
9430,2019-12-24,444
46624,2019-08-16,3752
24054,2019-09-12,444
14754,2019-05-29,444
1058,2019-10-17,1923
1079,2019-07-08,3601
45030,2019-10-31,3852
14007,2019-09-13,1658
42607,2019-12-17,8639
42262,2019-12-12,5024
33297,2019-03-21,444
41086,2019-10-24,3686
35756,2019-06-11,444
30796,2019-09-12,444
46395,2019-02-07,444
24361,2019-08-22,4593
21399,2019-05-28,444
30280,2019-03-11,5068
36099,2019-05-15,444
37531,2019-07-11,1984
25978,2019-01-18,444
48268,2019-02-06,444
17749,2019-04-12,444
41589,2019-09-30,444
12922,2019-01-15,3473
7351,2019-11-11,444
43284,2019-02-26,2614
21412,2019-04-18,444
25425,2019-09-12,444
47997,2019-10-03,3135
36776,2019-04-09,444
39036,2019-11-25,444
41913,2019-02-04,2554
10801,2019-06-17,444
40185,2019-01-01,3827
49637,2019-12-10,444
19875,2019-07-22,444
10721,2019-01-30,444
34717,2019-12-26,4347
37375,2019-05-08,2852
19436,2019-06-21,4903
39003,2019-06-12,6073
43608,2019-03-25,4725
19774,2019-08-06,444
24981,2019-11-25,5252
752,2019-07-05,4631
19022,2019-11-15,444
31258,2019-11-19,4579
31871,2019-05-28,6618
13590,2019-04-30,444
9430,2019-04-11,444
33771,2019-10-14,2017
4997,2019-12-24,4957
29882,2019-01-28,6609
45626,2019-08-13,5023
21399,2019-09-06,3638
8372,2019-07-10,3208
4202,2019-02-20,444
40149,2019-12-11,1366
10072,2019-10-04,444
47579,2019-09-18,3729
36776,2019-05-09,6556
40149,2019-04-11,444
26465,2019-07-25,444
7193,2019-03-05,444
45437,2019-05-10,444
34665,2019-09-17,444
20249,2019-06-06,7486
1749,2019-12-16,444
42541,2019-09-23,444
44433,2019-11-21,1639
1245,2019-05-31,5655
8144,2019-05-13,1350
42607,2019-10-30,444
2973,2019-05-16,444
37531,2019-05-02,444
2789,2019-09-30,784
45883,2019-06-11,4189
7456,2019-08-15,10021
33297,2019-06-27,6404
2966,2019-11-14,4846
30930,2019-01-18,3343
8358,2019-08-15,3801
47579,2019-10-24,444
46624,2019-01-03,1155
19360,2019-09-26,2083
34717,2019-11-19,5041
37672,2019-01-03,2629
34320,2019-10-02,444
25530,2019-01-10,444
31258,2019-04-30,3003
22366,2019-07-03,8383
10991,2019-05-31,1901
46074,2019-06-18,444
31871,2019-08-06,444
2662,2019-07-31,4956
36262,2019-08-20,4137
49857,2019-08-06,444
1167,2019-01-03,2928
24597,2019-08-28,2208
39003,2019-10-30,7427
14084,2019-09-27,444
183,2019-11-06,444
26937,2019-10-03,5192
6928,2019-05-03,444
13095,2019-08-28,444
6544,2019-03-29,2347
15030,2019-10-10,6212
8794,2019-03-27,570
30796,2019-05-13,7556
46074,2019-01-16,444
3674,2019-03-15,444
39548,2019-02-07,8308
6762,2019-08-22,855
40935,2019-03-21,444
23472,2019-01-29,7405
8372,2019-03-06,4530
36086,2019-03-13,2853
752,2019-10-04,6234
26465,2019-03-28,444
3461,2019-03-06,5135
16637,2019-01-18,444
19867,2019-10-11,444
5604,2019-07-09,6065
3718,2019-07-31,6990
25566,2019-03-19,995
12635,2019-06-19,444
16442,2019-01-07,6442
26967,2019-09-11,6261
8245,2019-05-15,970
35628,2019-10-15,444
43284,2019-10-08,444
14195,2019-10-18,444
35007,2019-04-11,444
2966,2019-03-21,5397
40805,2019-09-20,1429
42435,2019-01-22,4935
34599,2019-09-25,7370
26465,2019-03-29,444
24597,2019-06-03,2848
19983,2019-10-16,8708
13095,2019-09-30,444
24747,2019-12-23,1001
37672,2019-02-14,444
34665,2019-11-28,992
17003,2019-07-18,3737
17057,2019-08-30,5107
38842,2019-12-05,5511
14766,2019-01-18,444
14007,2019-02-08,4145
19983,2019-04-05,444
47199,2019-04-10,444
47631,2019-06-07,2909
45726,2019-12-25,4738
11287,2019-12-09,2460
23391,2019-03-21,2356
38835,2019-05-15,7023
29157,2019-07-15,3462
39003,2019-01-31,444
1058,2019-03-05,5911
1079,2019-11-06,444
47842,2019-04-26,5786
25530,2019-01-14,2361
29152,2019-06-27,444
11776,2019-03-21,444
36086,2019-08-12,3230
19360,2019-03-12,2735
45030,2019-12-26,2626
6762,2019-05-17,444
44822,2019-03-12,1875
26266,2019-05-27,1811
34715,2019-03-19,444
7351,2019-12-18,444
23511,2019-04-25,444
12482,2019-08-22,4758
42262,2019-07-26,1941
20249,2019-04-05,444
43402,2019-04-23,444
22044,2019-10-23,2743
35756,2019-09-19,444
18375,2019-01-23,2658
17258,2019-02-07,8943
26937,2019-05-20,444
27676,2019-01-22,444
13977,2019-11-25,444
25978,2019-09-16,444
7456,2019-09-05,1570
41913,2019-04-10,444
47960,2019-01-15,3100
22366,2019-06-04,444
42809,2019-06-20,1270
49587,2019-01-25,4987
49379,2019-09-25,585
6686,2019-10-31,3484
43795,2019-03-13,444
43616,2019-06-05,444
38448,2019-06-27,2480
1167,2019-02-26,4380
39010,2019-10-28,4161
19022,2019-01-24,444
2215,2019-10-23,465
10019,2019-01-24,3764
28307,2019-11-18,444
46395,2019-06-17,444
44433,2019-04-22,1969
24981,2019-01-02,11164
7155,2019-06-06,2884
41360,2019-03-21,1783
14754,2019-11-11,444
44863,2019-06-03,444
37168,2019-01-30,5890
46404,2019-11-26,4981
22044,2019-01-01,444
41086,2019-10-16,8301
49592,2019-03-22,444
28307,2019-08-13,13042
22044,2019-02-01,444
40004,2019-03-11,444
32182,2019-07-25,444
8607,2019-05-06,444
34320,2019-12-09,6742
49520,2019-08-05,5394
37453,2019-01-29,586
29882,2019-12-04,1234
37481,2019-04-17,7334
16637,2019-05-20,2521
23881,2019-12-10,4264
17749,2019-06-11,4640
1749,2019-11-12,444
15144,2019-03-06,4153
2648,2019-04-16,444
41582,2019-02-15,8520
46624,2019-06-25,2314
1058,2019-10-30,1807
10894,2019-07-03,8503
38502,2019-04-05,7957
26045,2019-02-18,2654
1079,2019-12-27,5374
17821,2019-10-22,444
40140,2019-03-29,656
13095,2019-02-20,9849
2705,2019-08-08,8775
12768,2019-02-18,5133
21412,2019-11-01,10620
33297,2019-03-28,444
29152,2019-01-03,3160
1058,2019-06-28,1906
17726,2019-08-15,5190
49637,2019-05-21,444
11453,2019-12-27,14806
23848,2019-04-22,5639
48744,2019-09-20,3116
37672,2019-09-06,444
5733,2019-05-21,444
196,2019-08-27,1289
23472,2019-01-30,4655
36906,2019-08-06,2531
11453,2019-02-05,2500
43851,2019-04-30,1988
25338,2019-11-18,444
39877,2019-01-18,4831
13536,2019-04-16,444
23509,2019-07-16,444
19502,2019-05-31,8643
49592,2019-08-02,517
39548,2019-12-11,444
32379,2019-01-30,444
43851,2019-09-23,444
23511,2019-07-17,2805
19867,2019-09-26,444
5023,2019-07-03,444
1058,2019-07-08,444
13362,2019-03-18,3034
8245,2019-02-05,7371
34681,2019-08-14,444
48337,2019-01-25,444
12635,2019-03-04,444
29152,2019-08-22,4610
42541,2019-01-01,444
48965,2019-01-18,444
23472,2019-02-06,444
34151,2019-04-23,1190
24981,2019-12-02,444
10052,2019-12-19,444
13031,2019-03-06,5640
23694,2019-07-08,1559
37168,2019-04-30,735
41247,2019-05-07,2536
9172,2019-04-04,3998
40415,2019-01-18,3140
47842,2019-08-23,444
27119,2019-12-04,444
17057,2019-09-19,2905
24013,2019-06-10,444
46404,2019-03-11,4775
17821,2019-09-05,1420
19545,2019-09-12,4099
29893,2019-10-16,444
44572,2019-07-24,5754
1749,2019-01-23,5286
7109,2019-09-12,1518
3286,2019-11-12,6896
16637,2019-11-19,444
15030,2019-07-24,5487
19502,2019-05-06,4673
1555,2019-07-04,2529
39036,2019-09-26,444
32481,2019-03-27,2915
10801,2019-11-22,643
31370,2019-02-27,2562
33297,2019-09-26,444
46624,2019-09-03,6164
43161,2019-12-31,444
6544,2019-10-07,543
26937,2019-01-01,4815
21711,2019-02-18,444
2705,2019-08-14,4570
36262,2019-01-10,444
42809,2019-04-03,7055
47788,2019-09-13,444
27903,2019-12-09,444
29835,2019-06-25,444
19093,2019-04-26,444
40578,2019-03-13,605
14007,2019-06-18,444
43851,2019-09-10,558
41906,2019-02-01,2352
29152,2019-06-05,11557
18170,2019-12-31,7615
34164,2019-11-27,4850
33776,2019-08-28,8317
17403,2019-03-15,444
17185,2019-11-15,444
29882,2019-03-04,6865
19105,2019-05-27,444
8965,2019-05-02,1270
5023,2019-04-30,2464
49592,2019-02-25,444
34792,2019-09-27,444
1058,2019-06-18,762
37168,2019-08-27,1360
19784,2019-08-08,762
6686,2019-07-26,444
21399,2019-05-03,5921
4997,2019-04-23,1603
25530,2019-04-04,1714
8243,2019-11-11,444
12635,2019-04-17,6170
1617,2019-03-12,444
39383,2019-12-19,6537
18375,2019-04-05,444
46835,2019-07-03,6584
37481,2019-02-21,444
49592,2019-11-21,3284
21412,2019-05-23,3085
40140,2019-12-02,444
48337,2019-01-17,444
22042,2019-05-02,952
752,2019-05-15,444
21421,2019-08-15,1229
16547,2019-09-16,6528
23913,2019-01-22,4277
36776,2019-11-28,444
14084,2019-06-21,2781
8372,2019-06-25,444
32381,2019-01-28,3380
11287,2019-10-11,444
7351,2019-08-15,9365
40536,2019-01-10,444
40686,2019-02-20,444
12672,2019-08-27,8010
15609,2019-08-14,2741
37531,2019-08-01,1250
12922,2019-06-14,11064
18114,2019-10-24,7159
36262,2019-01-03,1198
10002,2019-09-03,444
19502,2019-07-23,4271
19502,2019-02-08,8305
33846,2019-06-04,5366
36013,2019-06-18,3439
12635,2019-05-28,902
6706,2019-12-25,1826
47812,2019-06-20,6057
34599,2019-10-07,444
39877,2019-10-08,444
40415,2019-04-30,444
40805,2019-02-27,539
31495,2019-10-15,1907
26937,2019-01-03,444
15609,2019-04-09,444
23716,2019-04-23,4629
1188,2019-06-14,10827
41913,2019-11-20,444
4359,2019-08-27,444
13095,2019-03-18,444
29152,2019-02-18,626
40140,2019-08-14,4750
11287,2019-11-19,444
45437,2019-07-17,1441
21421,2019-04-09,444
12627,2019-07-30,444
30131,2019-08-13,3609
46349,2019-01-17,444
34164,2019-10-15,444
49857,2019-04-26,444
34161,2019-02-14,6582
19875,2019-04-30,444
11651,2019-08-21,444
2789,2019-03-06,444
8144,2019-03-06,5853
1188,2019-07-29,5027
12672,2019-11-07,3214
22044,2019-07-08,444
36099,2019-04-04,444
48337,2019-02-08,4010
43402,2019-01-08,2365
21399,2019-03-06,4990
20249,2019-07-05,444
7674,2019-02-22,1661
12484,2019-04-16,9738
33346,2019-04-03,6952
1646,2019-06-03,444
19867,2019-04-09,5382
26465,2019-04-18,2110
39383,2019-06-13,444
13517,2019-04-01,874
13590,2019-11-06,3647
10498,2019-12-03,444
46074,2019-07-17,1449
19545,2019-10-21,3149
1245,2019-02-27,444
34164,2019-10-03,444
37453,2019-08-12,3748
10498,2019-12-31,2764
30338,2019-02-21,444
17726,2019-01-21,2478
9226,2019-04-05,444
40439,2019-06-24,971
25566,2019-08-27,444
11776,2019-06-07,9882
3297,2019-07-04,444
47960,2019-08-02,552
18114,2019-06-26,444
39003,2019-01-28,5735
36099,2019-04-24,444
13742,2019-02-15,444
46187,2019-11-14,444
2863,2019-07-24,1675
9430,2019-02-08,444
17341,2019-11-19,3074
10498,2019-04-22,444
12627,2019-09-19,444
17749,2019-05-01,1679
12562,2019-04-22,444
41589,2019-05-02,6085
42071,2019-01-16,444
37453,2019-05-03,444
42262,2019-09-30,444
36013,2019-06-24,444
7456,2019-04-01,444
46187,2019-02-18,444
24054,2019-01-03,7030
8144,2019-01-16,444
33565,2019-04-23,444
38842,2019-05-14,1553
47527,2019-02-25,444
41360,2019-09-18,5554
18375,2019-09-20,444
10019,2019-01-01,444
38835,2019-06-27,6492
24981,2019-10-18,444
46624,2019-03-13,5564
39548,2019-07-30,4795
34665,2019-07-22,1909
4249,2019-11-19,444
38835,2019-11-27,6728
34599,2019-10-01,8023
24261,2019-02-19,1260
29835,2019-10-02,444
31495,2019-03-29,4138
26299,2019-08-28,444
35957,2019-03-04,444
21412,2019-03-13,4831
9172,2019-05-31,444
8607,2019-11-22,742
31384,2019-07-17,6396
42435,2019-10-29,444
27774,2019-02-22,11087
47997,2019-03-12,1828
30131,2019-05-08,1686
17403,2019-09-26,444
15609,2019-03-20,444
4249,2019-08-07,444
42278,2019-11-11,3367
21421,2019-01-30,444
11651,2019-03-07,444
40004,2019-06-03,10332
15144,2019-09-02,8563
31258,2019-08-09,444
44429,2019-07-15,647
2789,2019-01-16,2948
21412,2019-12-11,6443
40004,2019-11-14,541
19373,2019-01-02,444
18247,2019-05-07,6708
6314,2019-05-08,6383
14084,2019-12-04,444
9805,2019-10-14,444
1646,2019-08-21,3169
6762,2019-01-18,1949
20396,2019-01-31,3726
24942,2019-08-27,8139
13742,2019-12-16,444
1245,2019-01-24,444
835,2019-08-19,3355
12562,2019-05-13,2344
28365,2019-12-23,444
1058,2019-07-24,1710
24261,2019-12-04,444
11651,2019-01-10,5624
49857,2019-11-27,2375
34715,2019-03-13,638
31599,2019-04-18,3527
36906,2019-04-15,5879
26465,2019-05-07,4297
26722,2019-11-06,444
3538,2019-12-12,8306
14766,2019-04-19,444
39383,2019-06-10,3974
40348,2019-09-12,444
13031,2019-05-29,6480
20598,2019-05-24,3180
23472,2019-10-30,1693
15538,2019-01-18,444
752,2019-10-14,444
12482,2019-05-17,2448
46708,2019-12-04,1106
30930,2019-05-01,686
46349,2019-07-02,444
28365,2019-03-01,3223
31370,2019-09-23,444
23848,2019-10-04,444
41906,2019-02-04,4315
47482,2019-07-25,444
29157,2019-04-01,1262
17057,2019-02-21,444
18170,2019-07-30,6119
19875,2019-05-29,444
49520,2019-09-04,1992
17726,2019-08-28,4133
752,2019-07-22,444
11301,2019-10-09,5502
25978,2019-07-22,1870
45883,2019-09-23,444
929,2019-04-19,1056
16442,2019-12-18,444
39548,2019-02-28,5948
19502,2019-07-17,444
47527,2019-04-18,3267
17726,2019-09-05,4720
891,2019-09-16,444
39877,2019-01-31,5276
39515,2019-09-27,736
47318,2019-08-16,444
3870,2019-12-05,444
43851,2019-03-07,1774
35756,2019-01-15,4549
6314,2019-11-01,444
48268,2019-04-26,444
36262,2019-05-27,1423
3870,2019-06-24,6347
36262,2019-11-22,5597
20163,2019-05-14,8442
37481,2019-04-01,444
8794,2019-02-18,3325
11205,2019-09-30,444
49587,2019-11-22,444
14766,2019-10-11,5456
39383,2019-04-02,444
15538,2019-04-24,4053
2054,2019-08-26,444
35007,2019-10-16,5348
19436,2019-03-28,6555
18375,2019-01-01,444
35007,2019-03-21,444
26266,2019-05-22,444
7155,2019-08-06,9255
40686,2019-10-02,568
8154,2019-07-15,6150
31258,2019-04-05,5489
7155,2019-03-13,2365
42607,2019-08-02,1123
25425,2019-09-03,444
22366,2019-09-24,444
13095,2019-04-05,5911
34151,2019-09-27,2582
37860,2019-12-03,444
30338,2019-09-02,2792
37453,2019-08-15,444
24063,2019-11-22,2635
40348,2019-03-01,1607
31370,2019-12-11,444
3297,2019-07-05,444
40578,2019-10-02,444
47199,2019-07-16,6592
48180,2019-08-16,11001
30923,2019-09-02,2378
39877,2019-06-25,931
47842,2019-06-18,11271
40004,2019-05-08,444
44572,2019-09-12,444
32182,2019-08-22,444
20671,2019-08-27,444
24597,2019-01-08,444
23716,2019-02-07,444
14766,2019-11-06,444
35625,2019-10-10,15059
35625,2019-08-06,8748
26325,2019-03-21,5272
9060,2019-10-18,18802
9234,2019-02-21,1389
20041,2019-08-22,3680
16040,2019-08-09,6509
16040,2019-11-12,800
22799,2019-05-16,22068
5095,2019-05-10,16129
37517,2019-03-07,5853
26229,2019-04-29,5216
37028,2019-12-02,14221
32986,2019-02-06,9789
37028,2019-01-14,800
35873,2019-12-02,5062
9234,2019-12-30,16876
27106,2019-06-14,7580
35625,2019-11-29,10941
35625,2019-06-18,800
32986,2019-09-18,800
43876,2019-09-11,800
35625,2019-05-13,12634
32986,2019-05-30,2939
29236,2019-05-06,10511
27106,2019-10-02,3867
34038,2019-02-11,3733
16040,2019-12-30,800
6966,2019-10-17,800
26325,2019-10-09,800
35625,2019-07-26,800
766,2019-06-05,5698
766,2019-10-31,4281
37028,2019-09-24,4187
27106,2019-05-10,3151
9060,2019-11-04,10401
37028,2019-02-12,13092
14492,2019-12-20,800
8717,2019-05-16,3634
37028,2019-01-25,800
35873,2019-06-06,800
26325,2019-02-25,800
29236,2019-03-22,2429
26325,2019-06-20,3370
47010,2019-12-04,800
32986,2019-05-27,6976
22799,2019-01-28,6035
9060,2019-01-21,9859
7720,2019-07-02,16796
8717,2019-01-28,800
22799,2019-07-15,14419
37028,2019-09-05,9032
20041,2019-10-07,2156
32986,2019-01-03,800
37028,2019-12-02,800
27106,2019-07-05,1606
22799,2019-03-11,5480
9234,2019-07-08,4087
38109,2019-05-24,22032
22799,2019-04-03,800
31103,2019-01-18,2923
44386,2019-05-31,2790
49394,2019-12-17,2631
28598,2019-08-14,1128
14145,2019-02-15,3773
78,2019-06-26,326
28533,2019-05-17,326
27989,2019-04-15,326
36451,2019-06-17,1536
44132,2019-02-08,326
6112,2019-10-18,326
13027,2019-12-17,326
21104,2019-08-05,1689
5233,2019-03-01,326
40901,2019-02-12,326
7608,2019-01-01,1505
20026,2019-08-27,2575
11350,2019-01-25,326
22759,2019-08-23,326
29084,2019-07-31,326
5395,2019-07-12,326
6212,2019-04-02,1436
29431,2019-10-11,5025
31662,2019-07-08,326
27599,2019-07-26,326
42305,2019-12-20,2171
27989,2019-07-19,3333
6388,2019-12-26,326
42303,2019-02-05,4817
23451,2019-03-12,326
27787,2019-07-18,326
44551,2019-01-23,326
44386,2019-02-18,7157
7327,2019-07-11,4200
27787,2019-07-31,326
45935,2019-06-05,1531
43976,2019-04-11,326
40901,2019-07-03,326
42464,2019-02-19,516
16050,2019-02-26,1142
30521,2019-11-13,991
35359,2019-01-23,7280
44360,2019-09-26,326
49334,2019-03-21,326
7328,2019-04-16,326
44132,2019-03-28,326
7919,2019-02-25,4903
49279,2019-10-17,2470
36451,2019-11-29,2787
7328,2019-01-31,404
27410,2019-04-02,1964
49851,2019-10-04,326
44487,2019-02-18,326
32410,2019-06-20,326
39613,2019-04-26,2891
32594,2019-06-19,529
21734,2019-01-15,326
10171,2019-08-23,326
2246,2019-07-18,2451
34141,2019-10-31,4072
14654,2019-09-23,326
18737,2019-05-20,326
46807,2019-09-24,9056
42303,2019-02-01,3210
39700,2019-06-11,326
9653,2019-07-05,326
13907,2019-08-27,2252
10803,2019-10-31,326
44360,2019-05-10,326
28533,2019-03-12,5477
25820,2019-07-30,326
32019,2019-11-01,326
11914,2019-10-03,326
16050,2019-04-22,4273
25345,2019-01-24,326
13096,2019-08-01,3153
17560,2019-09-03,326
13049,2019-03-13,326
23393,2019-05-03,1186
44320,2019-08-15,1663
8327,2019-05-03,326
30319,2019-07-02,326
13043,2019-03-29,3267
11333,2019-02-20,326
30240,2019-09-25,326
7502,2019-01-17,326
45979,2019-06-13,2834
7327,2019-08-30,554
11810,2019-07-16,842
23510,2019-04-10,326
45500,2019-05-03,326
13027,2019-12-17,326
34808,2019-08-07,326
2477,2019-06-06,326
34679,2019-10-14,326
12450,2019-03-26,3217
3135,2019-07-01,1445
32393,2019-08-26,326
31357,2019-03-08,326
8476,2019-02-07,326
28114,2019-02-07,326
31357,2019-01-30,326
17242,2019-07-23,326
6199,2019-11-06,1681
3081,2019-06-10,2070
7405,2019-08-23,326
13907,2019-03-26,326
44936,2019-11-29,326
11810,2019-02-20,1366
12519,2019-02-21,3514
39613,2019-03-05,326
27410,2019-10-11,4516
42303,2019-08-21,326
29344,2019-01-22,326
33017,2019-03-25,326
32279,2019-07-17,1089
23910,2019-12-02,6436
31103,2019-07-17,1098
14818,2019-03-05,1953
27575,2019-05-07,3151
38081,2019-12-02,326
44832,2019-12-20,326
5176,2019-09-25,5396
25888,2019-01-30,3613
21046,2019-12-16,1229
6112,2019-01-18,326
38058,2019-02-15,2485
6801,2019-10-01,326
47367,2019-10-07,6390
3797,2019-06-20,326
963,2019-08-22,326
35486,2019-04-10,326
42303,2019-08-29,326
22775,2019-07-01,2760
34068,2019-06-27,326
44132,2019-04-10,2841
11914,2019-03-21,326
2246,2019-04-12,326
45979,2019-02-05,326
5176,2019-12-10,326
44298,2019-09-27,916
13030,2019-01-10,690
10803,2019-01-29,326
31357,2019-07-24,3845
13030,2019-05-16,1129
27989,2019-04-19,326
10145,2019-12-27,3083
8679,2019-12-31,326
27258,2019-05-13,326
13498,2019-10-09,539
28533,2019-04-01,326
22775,2019-03-01,7707
31662,2019-05-16,1543
13049,2019-08-12,5424
34993,2019-01-23,326
267,2019-07-30,326
23393,2019-04-11,326
38058,2019-11-15,326
22183,2019-01-31,326
34141,2019-02-26,5029
21155,2019-09-23,2419
37035,2019-05-30,326
32236,2019-10-25,5936
33787,2019-05-31,4275
49279,2019-06-21,4659
2477,2019-07-10,1253
47617,2019-08-14,326
44936,2019-02-08,326
21046,2019-01-24,326
27989,2019-03-28,326
13043,2019-12-16,772
6432,2019-09-27,1224
32890,2019-06-06,6323
32236,2019-07-01,326
17889,2019-05-13,3678
9868,2019-07-30,1063
42371,2019-01-23,326
13907,2019-05-07,2134
9868,2019-01-01,326
10803,2019-07-08,700
32425,2019-05-03,3614
16596,2019-04-24,326
43976,2019-05-09,326
44782,2019-11-01,6142
33017,2019-02-25,1591
13907,2019-06-21,1956
28114,2019-03-07,7546
16050,2019-08-21,1083
19969,2019-09-06,326
24047,2019-01-21,326
10145,2019-01-30,326
4030,2019-11-18,326
13498,2019-09-27,829
45979,2019-12-03,2374
13498,2019-04-03,326
35186,2019-08-21,4144
1330,2019-12-04,326
31357,2019-01-03,326
3843,2019-10-09,2316
34475,2019-11-28,3789
36451,2019-05-13,326
6801,2019-03-21,1298
34679,2019-08-28,326
13096,2019-01-10,2056
19969,2019-09-06,2193
19969,2019-10-28,339
34141,2019-04-17,326
12519,2019-05-24,326
44865,2019-01-04,326
43976,2019-12-31,326
42166,2019-06-12,326
45979,2019-06-12,3126
21734,2019-12-19,326
41858,2019-07-29,4017
30240,2019-12-13,4427
27575,2019-03-22,4725
7386,2019-10-04,326
46807,2019-05-27,326
31103,2019-02-11,647
23058,2019-11-20,3044
32019,2019-11-25,8235
31357,2019-02-05,326
23058,2019-03-25,326
14654,2019-08-20,326
49279,2019-01-10,326
36621,2019-05-06,3907
10803,2019-10-17,326
16596,2019-05-03,2690
35359,2019-04-19,326
47617,2019-05-28,2495
25345,2019-07-10,2606
27575,2019-03-25,4019
49279,2019-09-19,2641
21683,2019-06-25,3271
33017,2019-05-30,5143
12519,2019-10-09,3701
43976,2019-06-13,619
10145,2019-06-06,326
6199,2019-04-25,5081
6801,2019-01-30,326
42166,2019-02-15,2709
1254,2019-06-03,1226
5656,2019-03-14,2304
13096,2019-04-10,6109
34679,2019-03-04,1029
7386,2019-10-31,7150
44782,2019-06-20,392
46632,2019-06-13,3517
3797,2019-05-03,326
29043,2019-04-08,2120
30240,2019-06-07,326
27410,2019-04-29,2814
42290,2019-04-19,1344
6801,2019-05-20,326
34141,2019-06-17,326
3635,2019-03-26,326
28114,2019-03-26,326
2246,2019-04-12,326
16352,2019-01-14,5313
29431,2019-11-19,326
35486,2019-04-04,326
19765,2019-05-28,6087
6801,2019-10-24,2751
8153,2019-08-21,5205
31119,2019-06-20,2034
43570,2019-04-02,326
12671,2019-01-18,5332
43976,2019-05-07,1118
23510,2019-07-24,2321
34915,2019-04-17,3115
44360,2019-07-26,2770
16352,2019-08-13,326
29431,2019-01-21,326
42166,2019-08-19,512
6212,2019-07-24,326
15073,2019-07-01,326
24770,2019-11-06,1706
28114,2019-12-18,5453
32425,2019-09-05,326
9653,2019-10-18,326
42290,2019-11-18,8500
34496,2019-08-23,326
35486,2019-04-11,326
13043,2019-07-22,8509
34496,2019-02-22,8492
33017,2019-09-20,326
43976,2019-11-28,326
21155,2019-11-18,326
1254,2019-12-23,326
31544,2019-11-07,528
22775,2019-05-01,326
46632,2019-06-20,2921
40901,2019-05-24,3164
33865,2019-10-15,326
3171,2019-09-10,326
14818,2019-08-16,326
5523,2019-05-02,326
13498,2019-08-07,546
1254,2019-05-10,4963
19911,2019-09-25,326
27989,2019-02-08,4508
25820,2019-05-10,326
772,2019-10-17,326
35175,2019-04-08,2392
3171,2019-05-13,326
3797,2019-07-02,326
1330,2019-08-05,1391
7502,2019-05-06,326
28997,2019-10-25,336
30221,2019-10-24,326
29431,2019-10-25,2945
11914,2019-09-05,4011
6212,2019-01-25,1348
49394,2019-03-27,1875
42290,2019-10-15,1695
17560,2019-08-14,3828
13753,2019-02-14,326
29968,2019-10-30,2614
2112,2019-09-05,326
44782,2019-12-30,326
17242,2019-07-23,3939
8476,2019-12-19,3439
21587,2019-04-09,326
44832,2019-10-11,601
2246,2019-01-11,326
45979,2019-09-03,326
46632,2019-07-25,326
13027,2019-04-26,326
34068,2019-01-21,1755
33865,2019-11-21,326
16050,2019-07-17,326
5233,2019-12-03,326
14145,2019-08-28,2378
45979,2019-10-07,326
23451,2019-04-12,326
5523,2019-06-19,326
3289,2019-02-12,326
33063,2019-05-02,326
22183,2019-08-07,1590
21104,2019-11-26,326
30521,2019-10-23,1994
21683,2019-01-25,5274
963,2019-06-13,2150
43447,2019-07-10,326
49334,2019-11-29,326
11914,2019-07-18,3687
2477,2019-07-17,326
30521,2019-08-06,9716
10171,2019-11-15,3359
22759,2019-07-04,3260
2112,2019-06-28,4737
33063,2019-06-13,326
25345,2019-06-14,2915
6112,2019-04-04,514
39700,2019-09-06,3650
2728,2019-03-07,1234
41647,2019-12-06,4106
18737,2019-01-25,326
30318,2019-05-15,326
14379,2019-12-20,326
40901,2019-03-28,326
10171,2019-07-01,5529
47367,2019-07-22,3350
24047,2019-05-10,2380
31357,2019-10-18,782
42371,2019-12-13,596
35486,2019-01-09,326
30318,2019-06-25,6483
7327,2019-09-10,326
34068,2019-09-30,326
36451,2019-10-22,807
11914,2019-09-03,3458
25446,2019-10-25,326
2166,2019-10-01,326
28261,2019-06-24,5128
29968,2019-12-16,2431
23451,2019-12-04,326
21155,2019-08-08,326
41858,2019-11-18,3232
34496,2019-12-13,326
2246,2019-05-21,4453
10803,2019-04-10,7096
34203,2019-11-08,1698
36451,2019-10-18,326
6432,2019-04-15,1533
38058,2019-02-21,1274
38058,2019-12-27,326
7327,2019-10-31,1201
11350,2019-10-11,2131
14818,2019-12-26,4670
25446,2019-02-05,11427
46807,2019-10-23,326
29968,2019-08-08,1582
27989,2019-11-29,7909
11810,2019-12-09,1894
21734,2019-06-28,7825
29968,2019-02-14,5360
6801,2019-02-22,326
28533,2019-03-18,4951
45500,2019-05-24,326
38726,2019-08-15,326
23058,2019-02-25,3344
27410,2019-10-10,326
7502,2019-07-29,326
22717,2019-06-24,8064
49394,2019-05-27,3383
21046,2019-05-10,326
21104,2019-07-29,4480
30681,2019-07-02,1793
34068,2019-06-12,326
38726,2019-09-24,326
12671,2019-07-30,326
43570,2019-10-02,326
34141,2019-08-26,950
41638,2019-08-13,9851
23393,2019-04-17,326
772,2019-11-25,326
38726,2019-08-12,6673
41312,2019-12-18,326
49279,2019-06-25,3403
46632,2019-02-08,326
38726,2019-05-23,3635
5233,2019-10-16,5580
14379,2019-06-21,715
24770,2019-01-18,326
32393,2019-09-30,5148
9653,2019-02-15,326
34679,2019-06-20,2063
33063,2019-07-19,326
44782,2019-11-28,4302
24770,2019-07-15,326
3843,2019-05-13,326
41999,2019-12-17,6397
44936,2019-12-18,326
1254,2019-12-30,3503
45500,2019-03-12,3820
31103,2019-04-04,326
7327,2019-02-20,2788
25888,2019-01-07,326
12671,2019-01-16,2001
32019,2019-10-03,326
963,2019-07-08,326
2477,2019-08-19,326
44386,2019-12-09,326
24047,2019-03-20,3060
43570,2019-09-03,326
5176,2019-09-25,326
6801,2019-02-28,326
32393,2019-03-04,1074
34993,2019-03-29,326
21155,2019-02-28,8412
16596,2019-07-16,2903
2112,2019-07-11,2278
19911,2019-11-18,326
34808,2019-04-03,326
44360,2019-11-14,326
21046,2019-01-09,2593
5233,2019-04-05,326
2206,2019-04-01,2022
34141,2019-07-05,6189
13030,2019-12-23,2832
18737,2019-11-04,326
33865,2019-07-03,4255
10803,2019-08-09,326
34475,2019-05-23,326
43976,2019-07-17,1310
21104,2019-12-19,326
5523,2019-08-13,326
33063,2019-11-18,326
7502,2019-04-19,326
5656,2019-03-22,326
2166,2019-06-25,1228
2761,2019-05-07,5391
34061,2019-10-23,4565
44360,2019-01-11,326
32890,2019-10-30,1685
40885,2019-10-22,2820
7919,2019-09-02,3681
43447,2019-06-21,4469
25345,2019-05-31,326
29968,2019-05-14,3649
5233,2019-07-16,2819
22775,2019-06-14,8490
12671,2019-08-20,1007
25820,2019-03-26,326
44936,2019-10-04,326
10171,2019-04-08,4052
6388,2019-10-02,326
35175,2019-08-30,3067
31119,2019-06-13,326
7328,2019-10-15,326
32425,2019-04-09,326
16279,2019-07-11,326
7328,2019-11-15,326
34993,2019-01-14,326
7386,2019-01-01,326
21734,2019-02-15,2156
33088,2019-12-16,2904
13030,2019-11-25,326
23393,2019-10-02,6919
24169,2019-09-17,4067
28114,2019-12-13,2311
22759,2019-11-15,3944
6212,2019-12-17,6053
11333,2019-09-17,682
1677,2019-10-25,326
3843,2019-02-06,524
35359,2019-01-17,326
44936,2019-01-25,326
13030,2019-01-01,326
22033,2019-12-12,4259
41884,2019-11-28,2879
